Al,Co,Cr,Cu,Fe,Mg,Mn,Ni,Si,Ti,V,Zn,YS,UTS,Elongation
88.94840423,0,0,0.932072444,0.002127049,3.315119216,0.011530024,0,4.72E-05,0.005111027,0.003262854,3.829714583,100.7433106,195.1540436,384.5724455
89.18708852,0,0,0.925241745,0.000942832,3.410017689,3.62E-07,0.000210379,0.000346208,0.00166213,0.003226203,3.82972924,520.6395426,604.3761663,-16.67820909
89.68948936,0,0,0.923649105,0.001632757,3.417132902,0,0.00014997,1.82E-05,0.003939532,0.004118124,3.829152566,114.8097604,206.0464477,379.734983
89.70156854,0,0,0.923669205,0.002641663,3.422540799,0,3.30E-06,1.84E-05,0.000100832,0.002169378,3.829107765,114.094267,205.3309543,380.4504764
89.84234351,0,0,0.699244473,0.00159099,3.422727637,5.99E-07,5.56E-06,0.00036155,0.002969185,0.003243668,3.82972924,518.3111806,604.1872873,-17.12051338
89.86683337,0,0,0.925241745,0.001602614,3.116296138,4.11E-07,0.004057143,0.000346355,0.00166213,0.002796377,3.82972924,514.2000685,599.612221,-17.86395373
89.95587552,0,0,0.93963828,0.001365052,3.050220944,0.009040089,0,1.77E-05,0.000475701,0.003083075,3.829714206,94.74203648,189.1527695,390.5737196
89.96474772,0,0,1.079347315,0.002082014,3.363884418,0.000133472,0,2.80E-05,0.000243325,0.003137095,3.82971454,104.5993038,199.0100368,380.7164523
89.97658478,0,0,0.939150501,0.002055702,3.363884418,0.00013438,0,2.80E-05,0.00027195,0.002780796,3.829728936,105.8809214,200.2916544,379.4348347
90.07724949,0,0.004383418,0.923649105,4.11E-05,3.184943417,0,6.60E-06,5.15E-06,0.006082309,0.002426198,3.826195935,111.5911619,202.8278492,382.9535816
90.13733893,0,4.28E-08,0.920299522,3.10E-05,3.418987638,1.15E-05,0.002514511,0.00013442,0.005442183,0.002807461,3.829729216,96.89542405,172.8865387,376.9304098
90.16618753,0,1.61E-09,0.782000692,0.00176135,3.325983104,1.11E-06,3.48E-05,1.40E-05,6.87E-05,0.002804777,3.662869354,91.42766682,167.4187815,382.398167
90.16618753,0,3.11E-09,0.782000692,0,3.416267054,3.79E-12,0,2.05E-05,6.87E-05,0.002804831,3.829729239,93.70157939,169.6926941,380.1242545
90.22549811,0,1.65E-09,0.91879013,0.007774181,3.393030614,1.15E-05,0,0.000115593,6.88E-05,0.001423432,3.82972921,95.9171266,171.9082413,377.9087073
90.86083731,0,0,1.042182683,0.000689138,3.420208311,6.37E-07,1.94E-05,4.77E-05,0.002413934,0.003246695,3.82972924,520.8344934,609.5632118,-16.85471
90.86757873,0,0,0.925241745,0.000392218,3.603576554,6.50E-07,0.000127316,4.76E-05,0.003618137,0.002271161,3.82972924,520.9735926,607.9988844,-16.3708992
90.88295558,0,0,0.925241745,0.000392218,3.500959299,6.15E-07,2.49E-05,4.80E-05,0.001728807,0.003259595,3.82972924,521.4331779,610.072774,-16.82597302
90.89416977,0,2.84E-08,0.919084909,1.96E-05,3.419846725,1.18E-06,5.82E-05,1.48E-05,0.00339076,0.002806495,3.82972924,99.33072668,175.3218414,374.4951072
90.9313667,0,0,0.92365277,0.006892865,3.432696848,0,0.005558062,7.87E-06,0.005324987,0.002431006,3.829729201,119.8597073,211.0963946,374.6850361
91.00629524,0,0,0.884623198,0.006892865,3.664460417,0,0,7.72E-06,0.000837784,0.002563876,3.829729201,115.6045526,206.8412399,378.9401908
91.05855249,0,0,0.923669406,0.002656342,3.431043901,0,3.27E-06,4.59E-06,0.000133262,0.002169378,3.829109475,119.2009032,210.4375904,375.3438403
91.12926853,0,0,0.923669205,0.002641663,3.422540799,0,3.30E-06,4.59E-06,0.000100832,0.002169378,3.829109475,119.2402626,210.4769498,375.3044809
91.20984292,0,0,0.933085755,0.002083591,3.408836728,3.78E-06,0,2.62E-05,0.005393414,0.001296141,3.829729192,111.3788854,205.7896184,373.9368707
91.2889713,0,0,0.925154844,6.31E-06,3.420265136,7.64E-07,0,8.92E-05,0.005352425,0.002804778,3.829729236,100.4586347,176.4497493,373.3671992
91.2889713,0,0,0.926225486,0.001863134,3.419848639,7.65E-07,0.002372545,0.000125955,0.000269317,0.002804778,3.82972924,99.66561385,175.6567285,374.16022
91.32297083,0,4.28E-08,0.920299522,3.10E-05,3.418987638,1.15E-05,0.002478719,0.000134304,0.005442183,0.002807461,3.82972924,100.6537718,176.6448865,373.172062
91.3544819,0,3.59E-09,0.916285212,0.006635882,3.419146339,1.09E-05,0.002175063,0.000106354,0.004915766,0.002770825,3.829729193,100.8212239,176.8123386,373.0046099
91.39453006,0,0,0.93088733,0.000682563,3.424120018,2.08E-06,1.94E-05,0.00034483,0.003608789,0.002247811,3.82972924,520.1328,611.234152,-17.19819102
91.42422752,0,0,0.932075098,0.00210667,3.405859992,0.000132696,0,3.52E-05,0.005389332,0.003134326,3.829714644,112.0084963,206.4192293,373.3072598
91.42658817,0,0.022965567,1.005520313,0.00210667,3.412807052,0,0,3.50E-05,0.001552678,0.0031347,3.829720871,102.7418098,197.1525429,382.5739463
91.42714218,0,0,0.939971416,0.002114363,3.406782558,0.000119627,0,0.000339251,0.000253131,0.003078023,3.829714528,110.6603922,205.0711252,374.6553639
91.42822719,0,0,0.930734606,0.000686179,3.500839304,2.04E-06,1.94E-05,0.000291326,0.002427024,0.003238553,3.82972924,520.7729162,610.8008475,-16.88326263
91.61768476,0,0,0.923649231,0.002136743,3.414916519,0,0.005617737,8.48E-06,0.003928119,0.002430991,3.829048038,121.485806,212.7224933,373.0589374
91.70964539,0,0,1.041428448,0.000682563,3.500839304,2.04E-06,1.94E-05,4.56E-05,0.002415471,0.003238553,3.82972924,520.0154809,609.7638816,-16.76667803
91.74638001,0,0,0.923669313,0.000513232,3.431229061,0,0.000164909,7.93E-06,0.004652342,0.002432846,3.829729201,121.3000926,212.5367799,373.2446508
91.74812063,0,0,0.923895358,0.002674847,3.431229061,0,8.00E-06,7.72E-06,0.000183382,0.002481552,3.829729201,120.1447013,211.3813886,374.4000422
91.79063837,0,0,0.925241745,0.001600195,3.419514248,3.62E-07,0.004067515,5.00E-05,0.001481252,0.002786593,3.82972924,519.0960664,611.1792319,-17.24860333
91.79521586,0,0,0.699244473,0.001568339,3.422638444,2.04E-06,5.70E-06,0.000285781,0.002331106,0.003243668,3.82972924,515.7760674,605.9541899,-17.69899356
91.79953114,0,0,0.925241745,0.001607524,3.424317307,3.61E-07,0.003983106,0.000346387,0.004402091,0.002786617,3.82972924,519.193811,611.6010926,-16.98422413
91.80140051,0,2.66E-08,0.917070157,2.01E-05,2.772055287,9.14E-07,0,8.96E-05,0.005443136,0.002807738,3.829729216,55.3271556,131.3182703,418.4986783
91.81921132,0,4.78E-10,0.920264665,0.007774181,3.393294287,1.12E-05,0.002455799,1.61E-05,0.005266777,0.002804041,3.82972924,101.3258895,177.3170042,372.4999443
91.8209921,0,2.12E-08,0.916232749,8.99E-05,3.420645887,6.02E-12,0.002235574,1.45E-05,0.00336074,0.002738824,3.829729214,100.8866416,176.8777563,372.9391923
91.82938779,0,4.17E-08,0.918729147,0.007752801,3.420645887,1.08E-05,0,0.000112919,0.003341961,0.001499908,3.829729216,100.7868142,176.7779288,373.0390197
91.83513277,0,0,0.940386888,0.002055426,3.405897139,0.000117682,0.00460318,0.000356525,0.00132634,0.002790222,3.829718621,111.9707952,206.3815282,373.3449609
91.83576494,0,2.06E-09,0.92576556,3.10E-05,3.418973661,1.15E-05,0.002478719,0.000135196,0.000358396,0.002802899,3.829729235,99.9718533,175.962968,373.8539806
91.83974446,0,0,0.923669186,0.007048574,3.436854323,0,1.91E-05,8.09E-06,0.004566496,0.002464165,3.662560541,117.9945705,209.2312578,376.5501729
91.84143044,0,0,0.940386888,0.002106026,3.405859656,0.000133189,0.004337908,1.94E-05,0.005350432,0.002790222,3.829718621,112.4851426,206.8958757,372.8306135
91.84490321,0,0,0.960601585,0.002122546,3.40582113,0,0,2.80E-05,5.45E-05,0.003081146,3.829714209,110.7361146,205.1468476,374.5796415
91.84712552,0,0,0.923649075,0.006892865,3.366731485,0,0.005558062,7.87E-06,0.005324987,0.002431006,3.829729201,121.7140374,212.9507246,372.8307061
91.84712552,0,0,1.114603289,0.007224386,3.071969999,0,0.005545699,8.06E-06,0.00562628,0.002426165,3.828964288,111.8497671,203.0864544,382.6949763
91.84927738,0,0,0.923652324,0.006892865,3.363744186,0,4.94E-05,8.34E-06,0.005324987,0.002426069,3.82972924,121.2754038,212.5120911,373.2693396
91.87139577,0,0,0.932254755,0.001330729,3.186695952,0.022002491,0,1.10E-05,0.000534613,0.003134969,3.82972924,108.28899,202.699723,377.0267661
91.87280498,0,0,0.932479818,0.002080015,3.186695952,0.022121551,0,0.00032482,0.00388895,0.003134969,3.799898611,109.2404277,203.6511607,376.0753284
91.88607639,0,0,1.077988355,0.001606474,3.424273016,3.63E-07,0,5.79E-05,0.001584396,0.002453558,3.82972924,518.7428791,609.4127459,-17.17111179
91.89473134,0,0,0.932072444,0.002135987,3.318772963,0.011226694,1.49E-06,4.88E-05,0.005199263,0.003262854,3.829717748,111.7527245,206.1634575,373.5630316
91.8976163,0,2.29E-08,0.992641443,2.01E-05,3.325896503,7.09E-07,2.42E-05,0.000134813,8.87E-05,0.002804038,3.82972921,97.28154103,173.2726557,376.5442928
91.91172393,0,0,0.926347797,0.006890994,3.305127418,5.52E-07,0.009071624,0.000348104,0.004325371,0.002379845,3.82972924,516.7172957,611.3594023,-17.13772075
91.91172393,0,0,0.926347797,0.006890994,3.425025002,3.78E-06,0.004105498,0.000348104,0.004325371,0.002379845,3.82972924,518.3296216,611.5444543,-16.90983267
91.91172393,0,0,0.952879516,0.006890994,3.247369345,5.52E-07,0.000199061,0.000348101,0.004506646,0.002353269,3.82972924,515.5751848,608.4355938,-17.70567687
91.91172393,0,0,0.958283813,0.006890994,3.250296165,5.52E-07,0.009315933,0.000296756,0.004325371,0.002379845,3.82972924,515.8733069,610.5553899,-17.27665093
91.92095112,0,2.66E-08,0.783078352,0.001962417,3.417650307,9.14E-07,0,8.96E-05,0.005587581,0.002745715,3.829729214,98.92075164,174.9118663,374.9050822
91.99683786,0,0.001075103,1.076978959,0.001607312,3.601424963,6.69E-07,0,6.02E-05,0.000165376,0.003328257,3.82972924,518.4796966,606.0354778,-16.49758168
92.2035474,0,0,0.932000796,0.00210667,3.405859992,0.000132696,0,3.20E-05,0.005387363,0.003135007,3.829714528,111.4118936,205.8226266,373.9038625
93.49107172,0,0,1.163756314,0.011202512,0.915890969,0,0,0.000102911,0.007116216,0.002244416,3.49578815,11722.12488,11779.40404,-1332.878448
94.22902713,0,0,0.932256854,0.001360821,3.186695952,0.022002491,0,1.10E-05,0.000439798,0.003134969,3.799898611,95.67928309,190.0900161,389.636473
94.36210958,0,0,1.163756314,0.011202512,0.915890969,0,0,0.000102911,0.007116216,0.002881076,3.49578815,11722.99814,11780.27731,-1333.751716
89.87091745,0,0,0.937164835,0.00010122,3.530534801,8.95E-06,0.005526708,0.000463539,0.00263168,0.002724473,3.829729238,107.2694105,199.7862751,381.5274963
89.97163547,0,2.42E-07,0.709664401,1.73E-05,3.399480284,9.89E-05,0,1.94E-06,0.003728967,0.005741769,3.829729219,108.1333473,185.4722474,382.9486733
89.98384997,0,0,1.009630385,6.57E-05,3.138723125,1.28E-05,0.000212301,0.000473555,0.001017316,0.002727798,3.829729232,100.217008,192.7338726,388.5798989
90.0320187,0,1.91E-07,0.951061183,0.000995456,3.472528896,2.27E-05,5.54E-05,2.46E-06,0.004835238,0.002616941,3.82972924,112.1900882,189.5289883,378.8919323
90.82171862,0,1.14E-07,0.933081396,0,3.378956677,1.23E-05,0.005247551,0.000186307,0.004546864,0.002728237,3.829729238,113.4422898,205.9591544,375.3546171
90.82289281,0,1.12E-07,1.010125035,6.57E-05,3.137556713,0.007616437,0.000308275,0.000490309,0.004538436,0.002712858,3.829729232,107.427733,199.9445976,381.3691739
90.85054048,0,1.10E-07,0.924170374,0.000192148,3.439478965,2.70E-05,0.002016881,0.000227763,0.001867815,0.00260898,3.828746652,112.9837087,205.5005733,375.8131982
90.8989102,0,1.09E-07,0.939628539,6.42E-05,3.378212765,1.28E-05,0.000289008,1.95E-05,0.001970418,0.002998232,3.829729214,112.4843099,205.0011745,376.312597
90.98708272,0,1.91E-07,0.951061183,0.000995456,3.472432082,2.28E-05,5.54E-05,2.46E-06,0.004892076,0.002616884,3.82972924,115.9175022,193.2564023,375.1645184
91.26199133,0,5.99E-11,1.055385107,0.000196002,3.443476452,0.000125195,0.000394699,0.000222377,0.004769366,0.012662836,3.829728975,99.86964944,192.386514,388.9272574
91.27497909,0,1.40E-08,0.993062343,0.005222717,3.380213851,6.11E-06,0.000438796,0.000486302,0.001106003,0.006984236,3.829716675,111.0846075,203.6014721,377.7122994
91.40782943,0,1.91E-07,0.801943392,0.000652597,3.473607089,2.32E-05,5.54E-05,2.47E-06,0.002944099,0.00066779,3.829729219,114.4347435,191.7736436,376.647277
91.4105858,0,2.38E-07,0.936631661,0.001095064,3.397890739,2.61E-05,0.005657848,2.38E-06,0.00548543,0.002614098,3.82972067,117.23471,194.57361,373.8473106
91.60827922,0,0.005416176,0.766656956,0.004667086,1.081976456,0.015377143,0.001294741,8.21E-08,0.00188879,0.012544732,3.78310787,7962.693669,7996.330173,-899.5984423
91.6858613,0,0.068260734,1.085451113,0,0.86128702,0.001080757,1.31E-08,9.89E-08,0.005935474,0.002936053,3.82910732,1469.811719,1464.896427,-154.1965389
91.78218106,0,1.26E-08,0.98045034,0.00018593,1.143462325,0,0,7.55E-07,0.004936095,0.00662717,3.705903767,12458.7579,12520.65049,-1416.163439
91.78521827,0,5.60E-10,0.862067016,9.42E-05,2.99408887,0.015187879,0.000192726,1.55E-05,0.009652056,0.00174832,3.720964885,103.1145898,195.6314544,385.6823171
91.78596452,0,2.38E-07,0.936631661,0.00114974,3.474173926,2.32E-05,0.013573143,2.51E-06,0.000109435,0.003163153,3.829729219,115.6533419,192.992242,375.4286787
91.78596452,0,2.38E-07,0.936631661,0.001155145,3.492548596,2.33E-05,0.005770037,4.72E-06,1.85E-05,0.003163153,3.82972924,116.3410517,193.6799518,374.7409688
91.80708279,0,1.21E-08,0.806312567,2.08E-05,3.402520784,2.32E-05,0.003091466,2.35E-06,0.005353661,0.001096138,3.754824186,114.7071609,192.046061,376.3748596
91.81450717,0,9.86E-09,0.933380319,0,3.402520784,1.29E-05,0.003092254,2.35E-06,0.005353661,0.001100847,3.82972924,117.1296389,194.468539,373.9523816
91.81481727,0,2.38E-07,0.936631661,0.001095208,3.397889126,2.65E-05,0.005656988,1.52E-06,0.004953811,0.002614098,3.829729219,117.6071944,194.9460945,373.4748262
91.81481763,0,1.90E-07,1.128007899,0.001095208,3.472068089,1.16E-05,6.32E-05,2.37E-06,0.00485643,0.000605838,3.829729219,113.0740177,190.4129178,378.0080029
91.81481763,0,2.36E-07,1.48263185,0.000661651,3.47347278,2.31E-05,0.005708013,2.38E-06,0.005022837,0.002614098,3.829729219,89.36515252,166.7040526,401.716868
91.81481763,0,2.38E-07,0.935174842,0.001095208,3.473476228,2.31E-05,0.005708338,2.38E-06,0.004835237,0.002614098,3.829729219,116.8636797,194.2025798,374.2183409
91.8214109,0,3.56E-12,0.94925753,0.003381357,3.298716409,0.015550703,0.000198808,0.000478863,0.002496366,0.001741912,3.829716558,113.7805477,206.2974123,375.0163592
91.82217827,0,0,0.932326699,0.000167249,3.435106275,8.61E-05,7.70E-05,0.000488124,0.004863039,0.002615246,3.829716216,114.7826859,207.2995505,374.014221
91.82217827,0,0,0.932323563,0.001476709,3.434812515,8.90E-05,0,0.000486399,0.004569007,0.002615246,3.829716221,114.8202542,207.3371188,373.9766527
91.82228816,0,5.88E-10,0.932326699,0.000167249,3.435106275,8.61E-05,7.70E-05,1.21E-05,0.000620246,0.002611341,3.829716216,113.7076605,206.2245251,375.0892464
91.82343357,0,1.11E-07,0.93350458,0.000169263,3.138723125,1.28E-05,0.000313491,0.000473555,0.003645637,0.002727787,3.829729232,104.118094,196.6349586,384.6788129
91.8238775,0,3.57E-12,0.932312919,0.005293754,3.380213851,6.11E-06,0.005559134,0.000486355,0.004864041,0.00261519,3.829716543,115.1767792,207.6936438,373.6201277
91.95566352,0,0.111918039,0.833369709,4.00E-08,0.845154911,0,1.30E-10,5.16E-06,0.000258267,0.006920672,3.82931262,10269.38306,10317.52873,-1164.723786
91.95613303,0,4.44E-11,0.932653643,0.005220577,3.299819941,0,0.005720781,0.000216007,0.004707126,0.002609124,3.828525754,114.3813399,206.8982045,374.415567
91.95613303,0,3.46E-08,0.932310741,0.005220577,3.299819941,0,0.001953975,0.000215975,0.001055664,0.002609124,3.828525754,112.0634251,204.5802897,376.7334818
92.14018398,0,0.093395363,0.824952153,0.003364985,0.89808476,0,2.22E-07,4.09E-07,0.002396936,0.003986801,3.814289617,1100.508168,1094.456664,-112.0027471
92.60408321,0,0.072923294,0.913147113,0.002210504,0.837526683,2.08E-06,1.90E-08,4.56E-06,0.003112644,0.009798321,3.67353094,46165.65204,46440.63561,-5286.903315
92.7644627,0,0.087683397,0.862935686,0.000326642,0.859602975,0.001820067,3.46E-07,1.19E-06,0.002944674,0.00889162,3.808762304,1445.339702,1440.580345,-152.1525713
92.97138429,0,0.081274283,0.661685598,0.009051747,0.825221246,0.001528693,7.31E-07,2.14E-07,0.002710434,0.007573472,3.534343134,18612.27033,18713.00458,-2123.160144
93.35411541,0,0.088710844,0.917270835,0.011234067,0.838281052,5.15E-08,6.87E-08,1.74E-06,0.000147993,0.009388446,3.829727725,40169.22716,40406.26883,-4599.198239
93.38941757,0,0.092279633,0.914945001,0.018620228,0.695092188,7.45E-07,7.91E-07,2.86E-07,0.001694094,0.018217207,3.816165513,302417.5956,304314.2741,-34711.07471
93.64620681,0,0.087325176,0.818848987,0.006230576,0.859349446,7.34E-08,9.42E-06,9.00E-08,0,0.008923476,3.697936697,1199.260281,1193.424773,-124.6050507
93.71041783,0,0.087325176,0.993678771,3.39E-08,0.884913962,4.04E-09,6.44E-08,1.54E-06,0.001546779,0.002092618,3.798418149,12694.1145,12757.50656,-1444.817582
93.72883368,0,0.006645767,0.57235021,0.007539828,1.22537474,0.00525047,6.70E-07,7.46E-09,0.000590382,0.013257583,3.684693815,1263.406395,1257.670549,-132.0498852
93.76756011,0,0,0.910468453,0.019957992,1.175907555,0.000452497,0,7.88E-09,0.001308416,0.007650889,3.829728013,23964.82177,24099.36396,-2739.162552
93.92215965,0,0,0.913492708,1.99E-09,1.314997062,9.75E-07,0,2.97E-05,0.001621211,0.001300331,3.829727584,11553.5368,11609.72798,-1314.30723
93.93859419,0,0,0.913492708,1.99E-09,1.314997062,9.75E-07,0,2.97E-05,0.001938678,0.001300331,3.829727584,11553.5534,11609.74458,-1314.323824
93.94603816,0,0.000285237,0.896194785,1.07E-06,1.337921315,2.75E-05,0.000161802,7.19E-06,5.04E-05,0.003334745,3.81564919,3056.978279,3060.474441,-338.6858004
93.98268994,0,6.55E-09,0.979082692,0.00021891,1.143462325,0,0,3.30E-07,0.004936095,0.000491455,3.608602283,12460.86173,12522.75432,-1418.267273
94.0387439,0,0.000257992,0.837845597,0.002454025,1.294934273,2.47E-05,0,8.76E-07,0.001367603,0.000835234,3.823451783,1158.884079,1152.768102,-120.6728162
94.03945349,0,0.087229366,1.181203868,5.00E-07,0.859673691,7.61E-06,0.002971542,7.25E-07,0.000212593,0.000359963,3.828754128,1217.278266,1211.457373,-127.3445337
94.0395237,0,0.087229366,1.081649596,5.00E-07,0.859673691,7.61E-06,0.002971542,7.16E-07,0.000212593,0.000359963,3.8287731,1217.183093,1211.3622,-127.2493605
94.04589743,0,1.06E-07,0.893263802,0.000415251,1.229256136,0.000335903,0,0,5.76E-07,0.00920463,3.7048222,1274.19098,1268.475019,-133.7571742
94.04589743,0,1.06E-07,0.893263802,0.000415251,1.229256136,0.000335903,0,0,0.000775177,0.00920463,3.820653943,1274.30304,1268.58708,-133.8692346
94.04805483,0,0.087325176,0.993678771,0.00064986,0.884913962,6.98E-09,6.44E-08,1.54E-06,0.001546779,0.002092618,3.798149018,12694.45315,12757.84521,-1445.156236
94.05156053,0,1.75E-08,0.944064976,2.06E-06,1.22537474,0.005773109,0,1.91E-05,0.001397723,0.000934556,3.761546816,28383.55317,28546.03826,-3246.784831
94.05837623,0,0,0.906520554,0.019957992,1.175907555,0.000452497,0,7.88E-09,0.001308416,0.007650889,3.829728013,23965.10933,24099.65152,-2739.450118
94.1234091,0,6.30E-05,0.778163461,0.000144224,1.298521368,0.000493891,0,7.64E-07,0.003483367,0.000341265,3.795283707,1313.181392,1307.531008,-138.4353914
94.14954368,0,0.068260734,1.085451113,0,0.86128702,0.001080757,6.67E-07,9.89E-08,0.003634882,0.0026565,3.82910732,1472.275775,1467.360484,-156.660595
94.1704621,0,0.000428858,0.762243917,0.001262678,1.230222072,0.012185661,9.17E-05,1.02E-06,0.001471649,0,3.821539656,1114.586305,1108.654222,-115.6290816
94.1704621,0,0.000428858,0.762243917,0.001262678,1.230222072,0.012185661,0.000500306,1.02E-06,0.004549576,0,3.821539656,1114.58294,1108.650857,-115.6257162
94.199602,0,0.062459695,0.886780829,0.000867635,1.01000984,0.001539835,3.22E-09,3.51E-10,0.004023309,0.005781862,3.828838459,1480.42833,1475.531572,-157.5947103
94.24586708,0,0.068431984,1.02274793,0,0.811933715,2.96E-07,0.004468022,1.51E-07,0,0.016905312,3.786563639,11480.08903,11535.81721,-1305.831357
94.25796169,0,0.083202988,1.091361159,0.005110364,0.748471847,5.00E-07,1.27E-08,7.78E-07,0.006835431,0,3.740735007,1693.682628,1689.783134,-182.0687374
94.25796169,0,0.083202988,1.091361159,0.005110364,0.748471847,5.00E-07,8.54E-08,7.76E-07,0.006835431,0,3.807255374,1693.74615,1689.846656,-182.1322596
94.304031,0,0.087325176,0.988848382,0.003523148,0.78470834,0.002324209,0.000714412,2.19E-06,0.001970959,0.009105126,3.800602913,1257.652327,1252.30571,-131.9621931
94.304031,0,0.087325176,0.988848382,0.003891536,0.78470834,0.002324209,0.000714412,2.19E-06,0.004829964,0.009105126,3.800602913,1257.655492,1252.308875,-131.9653584
94.30519462,0,0.088710844,0.917270835,0.011234067,0.838281052,5.15E-08,6.87E-08,1.74E-06,9.56E-05,0.009388446,3.829727725,40170.18001,40407.22167,-4600.151085
94.32270303,0,0.062459695,0.886780829,0.000867635,1.01000984,0.001539835,4.47E-10,3.51E-10,0.004023309,0.000968993,3.828838459,1480.310595,1475.413837,-157.4769755
94.32767225,0,0.101570954,0.830749857,2.77E-07,0.805495068,5.63E-09,0.001949814,0.002014738,9.86E-08,0.011406417,3.787744393,2588.999397,2589.90236,-284.8288341
94.32979324,0,0.005416176,0.766656956,0.004667086,1.081976456,0.015377143,0.001294741,8.21E-08,0.001602791,0.012593432,3.78310787,7965.414876,7999.051381,-902.3196501
94.33527739,0,0.075711375,0.897246944,0.000710304,0.859486199,0.001104231,1.05E-08,0.00051878,0.00406479,0.012665017,3.827810082,27763.13996,27921.70949,-3175.53199
94.34516061,0,0.087325176,0.779533991,0,0.957594947,1.24E-08,8.75E-07,5.23E-07,0.002564721,0.004542649,3.820170961,42032.36002,42281.17284,-4813.977722
94.34791891,0,0.093395363,0.824952153,0.0129197,0.900043384,0,2.22E-07,4.09E-07,0.002396936,0.003986801,3.814289617,1102.731257,1096.679753,-114.2258364
94.36178108,0,0.058112172,0.946028779,0.000411841,0.859349446,6.54E-06,2.90E-07,3.74E-09,0.00904906,0.00605262,3.759134033,2483.937808,2484.136801,-272.8863129
94.36178108,0,0.058112172,0.999163572,1.04E-05,0.859349446,6.45E-06,2.90E-07,3.74E-09,0.00904906,0.00605262,3.759134033,2483.882971,2484.081964,-272.8314761
94.37232692,0,0.087683397,0.862935686,0.000326642,0.859602975,0.002171274,0.001036426,1.20E-06,0.004381871,0.00853687,3.800992876,1446.945443,1442.186086,-153.7583123
94.37352157,0,0.111918039,0.833369709,4.00E-08,0.845154911,0,1.30E-10,5.16E-06,1.29E-06,0.006895406,3.82931262,10271.8049,10319.95056,-1167.145623
94.37719833,0,0.058971521,0.897828125,0.01960329,0.862008281,1.31E-08,7.79E-08,6.02E-07,0.003655632,0.008982264,3.771723141,23264.66883,23394.78927,-2659.022777
94.37719833,0,0.058971521,0.897828125,0.01960329,0.862008281,0.000615266,7.79E-08,6.02E-07,0.003684437,0.008560162,3.771723141,23264.66872,23394.78916,-2659.022673
94.38523372,0,0.077219397,0.91451428,0.000217893,0.875197887,0.000850057,0,2.06E-08,5.90E-05,0.009418629,3.691525875,2041.618745,2039.418155,-222.0530465
94.38523372,0,0.077219397,0.91451428,0.000217893,0.898945739,0.000850057,0,2.06E-08,8.50E-05,0.009418629,3.691525875,2041.6429,2039.44231,-222.0772014
94.4183501,0,0.055202526,0.768159921,0.008798496,0.936696638,0.001155378,0.000105221,8.37E-07,0.001684145,0.016389217,3.793360286,1812.710508,1809.376527,-195.7546923
94.42764503,0,0.046417573,1.049306194,0.00016147,0.741561849,0,0.020551281,1.60E-07,0.005895305,0.002908877,3.70546258,1965.57301,1963.021729,-213.3719446
94.43311703,0,0.087327607,0.812357118,2.30E-08,0.884710909,2.43E-05,9.74E-07,5.25E-06,3.87E-05,0.014558222,3.767760549,20492.89506,20605.50988,-2340.762913
94.43311703,0,0.08732773,0.812357118,2.30E-09,0.884710909,2.43E-05,9.74E-07,5.25E-06,3.87E-05,0.014558222,3.772855775,20492.88996,20605.50479,-2340.757818
94.43771846,0,0.095390333,0.684033744,0.000494611,0.817835661,0,8.47E-08,2.73E-08,0.006228491,0.017923658,3.828549039,1051.824884,1045.792847,-108.151718
94.43771846,0,0.095390333,0.795940058,0.000332696,0.817835661,0,8.47E-08,2.73E-08,0.006228491,0.017923658,3.828549039,1051.931781,1045.899745,-108.2586157
94.43772959,0,0.071042197,0.86219223,0.022857044,0.86751538,4.30E-09,5.08E-07,4.49E-07,0.000272725,0.000124292,3.738182922,1235.804385,1230.088283,-129.5944278
94.43772959,0,0.080282462,0.86219223,0.022857044,0.86751538,4.30E-09,5.08E-07,4.49E-07,0.000272725,0.000124289,3.738182922,1235.795039,1230.078937,-129.5850815
94.44320478,0,0.092279633,0.914945001,0.018620228,0.695092188,7.45E-07,7.91E-07,2.86E-07,0.001694094,0.018217154,3.816043762,302418.6511,304315.3296,-34712.13023
94.44468307,0,0.0835746,0.816418567,2.07E-06,0.89219582,0.001934197,6.69E-08,6.55E-09,6.55E-09,0.00519525,3.756536077,1005.40107,999.1711181,-103.0854332
94.44531536,0,0.074850171,0.816926573,0.019242242,0.844834205,0.007521644,3.04E-07,9.27E-06,0.002720218,4.32E-05,3.771730542,2217.726881,2216.596581,-242.340063
94.44680003,0,0.052623983,0.823141077,6.99E-09,0.893583641,0.016219055,0.000980312,1.12E-06,0.001094146,0.003298127,3.761609629,1088.212271,1082.37964,-112.6302352
94.44713144,0,0.0835746,0.953318431,2.07E-06,0.89219582,0.001934197,6.97E-08,6.55E-09,5.82E-09,0.003840068,3.756536077,1005.257213,999.0272614,-102.9415765
94.45219054,0,0.085308935,0.674909215,0,1.009361314,0.00075435,1.19E-08,1.23E-08,0.000198857,0.002358772,3.775576664,1734.398408,1730.592951,-186.8557811
94.45219054,0,0.085308935,0.695518145,0,1.009361314,0.002835702,1.19E-08,1.23E-08,0.000198857,0.002358772,3.775576664,1734.374758,1730.5693,-186.8321303
94.45623775,0,0.078366217,0.813160008,0.005862874,0.839488746,0.007243586,0.000878243,2.39E-09,0.001611436,0.008914544,3.788167992,5471.797819,5489.91342,-615.9910832
94.45713077,0,0.101570954,0.830749857,2.77E-07,0.805495068,5.63E-09,0.001949814,0.004022714,6.69E-08,0.011406417,3.787744393,2589.130946,2590.033909,-284.9603833
94.45713504,0,0.079009621,0.807916195,0.007490756,0.910749709,2.37E-05,0,3.18E-07,0.002556891,0.003996794,3.733722206,3491.474898,3497.501526,-388.6200683
94.45713504,0,0.079009621,0.807916195,0.007498411,0.910749709,2.37E-05,0,3.18E-07,0.003448746,0.000397192,3.733722206,3491.477481,3497.504109,-388.6226512
94.45713504,0,0.087325176,0.920577783,0.002898318,0.859349446,1.53E-05,7.32E-05,1.19E-05,0.00041867,0.008610421,3.77324019,3867368.603,3891827.352,-444047.8583
94.45800215,0,0.100443122,0.699131002,0.007549796,0.89012771,1.95E-09,8.93E-08,5.21E-06,0.002524529,0.013461335,3.827877634,1024.468512,1018.664497,-105.1606088
94.46074463,0,0.074850171,0.816926573,0.019242242,0.844834205,0.007456322,3.04E-07,9.27E-06,0.004280492,0.000118291,3.771730542,2217.743495,2216.613196,-242.3566777
94.46179468,0,0.1016223,0.7764306,3.69E-07,0.857969648,0.003181791,0.000657375,5.95E-06,0.003757156,0.000661818,3.79107042,15621.4727,15703.32229,-1781.418213
94.46327185,0,0.087325176,0.783394809,0.000709835,0.871623779,0.000453314,0.000381685,1.34E-06,0.004297338,0.0109499,3.777373216,2879.492813,2882.042238,-318.3102664
94.46616971,0,0.023269023,0.920561563,0,0.849153604,0.002827009,0.030275022,8.05E-08,0.001479081,0.001511527,3.704610028,1879.758232,1876.732441,-203.5410592
94.47131047,0,0.044914057,0.822637775,0.007476916,0.93655812,3.34E-08,1.57E-07,1.24E-09,0.003863931,0.0155549,3.697587694,21366.64489,21484.76872,-2441.09318
94.4729118,0,0.084699649,0.73198706,8.28E-08,0.873197603,7.18E-11,1.69E-08,5.21E-08,0.012950405,0.001103558,3.826713959,1009.377384,1003.141575,-103.552549
94.47291793,0,0.084699649,0.73198706,8.28E-08,0.873197603,7.18E-11,1.69E-08,3.48E-08,0.009323415,0.001103558,3.826713959,1009.380911,1003.145102,-103.5560759
94.47970601,0,0.087325176,0.882064558,6.10E-06,0.859349446,0.000289818,3.07E-07,4.64E-07,0.000853226,0.006594306,3.683658424,24116.98406,24252.48958,-2756.894728
94.48350826,0,0.086316456,0.872884345,0.006735324,0.915778723,0.000405997,4.83E-07,8.06E-07,4.51E-08,0,3.634271619,1128.12066,1122.084894,-117.2647586
94.48494264,0,0.079861752,0.81510232,0.005612838,0.856045325,0.002939099,4.05E-07,2.79E-09,0.001778085,0.007235918,3.69660799,1140.828944,1134.855197,-118.7229247
94.48769719,0,0.072923294,0.913147113,0.00215727,0.837526683,2.08E-06,1.90E-08,4.56E-06,0.003112644,0.009798321,3.67353094,46167.5391,46442.52268,-5288.790381
94.49383517,0,0.00427391,0.571819367,0.002309551,1.22537474,0.00525047,3.01E-07,7.46E-09,0.000421984,0.013221516,3.684773522,1264.162093,1258.426247,-132.8055839
94.49520517,0,0.078278449,0.574828549,0.019358172,0.986178656,0.00086828,1.35E-07,3.04E-06,0.000700395,0.014856613,3.829724016,1196.32633,1190.783821,-124.9338082
94.51077603,0,0.089880067,0.689855542,0.00575702,0.859349446,0.00465481,0.000697541,1.23E-05,0.005224571,0.010916087,3.822791973,1585.001018,1580.80898,-169.6293169
94.51106331,0,0.081263134,0.748887483,0.029568624,0.792393591,0.011425993,1.87E-08,7.07E-08,0.001187398,0.00228966,3.826710172,1006.225795,1000.099637,-103.1901323
94.51221431,0,0.081263134,0.748887483,0.029568624,0.792393591,0.005459895,1.87E-08,1.44E-07,0.001290016,0.00228966,3.826710172,1006.230687,1000.104528,-103.1950241
94.52202225,0,0.075132138,0.786041823,0.011952685,0.822607367,2.41E-08,5.14E-08,1.25E-06,0.004482586,0.018098298,3.759579645,1910.039068,1907.388221,-206.9358502
94.52942405,0,0.077064406,0.787868958,0.054867216,0.723530989,0.002023663,3.17E-10,3.44E-05,4.74E-05,0.001480894,3.823559853,1040.98471,1035.301985,-107.1880665
94.57353835,0,0.052623983,0.891916415,6.70E-09,0.893583641,0.016219055,0.000980312,1.12E-06,0.001094146,0.00554242,3.761856155,1088.012759,1082.180127,-112.430723
94.58843207,0,0.082358935,0.687347977,0.009547996,0.832590337,4.54E-10,3.77E-09,1.19E-05,0.006269901,0.015380449,3.779172579,6185.572374,6208.169562,-697.9478224
94.6005734,0,0.014144991,0.920561563,4.63E-05,0.849153604,0.002774485,0.030275022,8.05E-08,0.002484487,0.001511527,3.704610028,1879.632754,1876.606962,-203.4155805
94.60443764,0,0.073605551,0.845788809,2.01E-05,0.874448204,1.74E-08,1.38E-06,0,0.004334919,3.60E-07,3.597363402,2146.344013,2144.680438,-234.2024066
94.60481667,0,0.047067475,0.768465628,5.51E-08,0.913385701,0.003382361,3.41E-07,0.003451391,0.006022069,0.00381748,3.655999531,1063.229454,1057.374772,-109.8010504
94.61895082,0,0.07888805,0.827852783,0.000289599,0.86050481,2.63E-09,1.44E-07,7.56E-12,0.00449084,0.002789191,3.606136957,39470.76535,39703.36898,-4520.632793
94.66380321,0,0.084656164,0.740300853,0.001539427,0.830302876,1.27E-06,0.003958933,1.16E-05,0.006442538,0.00077188,3.638715318,134112.3682,134943.8781,-15386.80362
94.67192943,0,0.080043622,0.513143551,0.018602179,1.010973403,4.18E-08,9.42E-06,8.98E-08,0,0.008923476,3.69837181,1200.150686,1194.315178,-125.4954555
94.684364,0,0.079401395,0.668984557,0.004304473,0.813720322,0.005895316,2.12E-10,7.95E-09,0.011353247,4.31E-07,3.672825626,67278.4857,67687.04267,-7712.757659
94.68570172,0,0.000858456,0.763070342,1.87E-07,0.993213994,2.32E-05,4.75E-05,1.09E-05,0.004657427,0.030705399,3.517355093,1145.795779,1140.235587,-119.092411
94.68570172,0,0.000858456,0.763070342,1.87E-07,0.993213994,0.004308451,2.15E-05,1.09E-05,0.004657427,0.030705399,3.517355093,1145.79989,1140.239698,-119.0965224
94.73121996,0,0.087325176,0.882064558,6.10E-06,0.859349446,0.000962732,3.07E-07,4.64E-07,0.000309584,0.006594306,3.683658424,24116.73316,24252.23868,-2756.64383
94.76501355,0,0.079861752,0.699645476,0.002898517,0.856045325,0.002939099,1.22E-07,2.69E-08,0.001778085,0.003866655,3.587637057,1140.88844,1134.914693,-118.7824214
94.79363063,0,0.075132138,0.786042889,0.006933925,0.822607367,2.74E-07,5.14E-08,1.93E-09,0.004482586,0.018098298,3.761296935,1909.771544,1907.120697,-206.6683264
